timestamp,temperature,humidity,co2_ppm,light_lux,soil_moisture
2025-03-27 14:59:45.084096,17.83367327226913,75.49974147148268,597.0451774810842,0.0,57.8365214966267
2025-03-26 14:59:45.084130,18.769013700464903,74.75942840106656,944.537233690711,0.0,49.13372182731784
2025-03-25 14:59:45.084139,21.01826538471215,56.95586155711478,729.531606275019,0.0,39.15654329221972
2025-03-24 14:59:45.084141,20.60075222515987,61.60420089624015,934.9330752090019,0.0,39.506105534564746
2025-03-23 14:59:45.084143,21.49240891424869,78.66749467470308,707.7074165561354,0.0,64.60848171935713
2025-03-22 14:59:45.084146,21.978302536085213,75.34256187067587,832.2908093210735,0.0,69.0149266897734
2025-03-21 14:59:45.084148,23.667345579465753,40.43892817990472,848.4876301554551,0.0,46.3533419544508
2025-03-20 14:59:45.084149,23.06107985684315,55.499012262382244,887.8939489690729,10000.0,45.049233710657916
2025-03-19 14:59:45.084150,25.998674658135716,79.71190245451764,627.9881343882407,20000.0,67.69418191365656
2025-03-18 14:59:45.084152,23.39637614877677,44.280506239015715,1005.338812219781,30000.0,35.18330401495719
2025-03-17 14:59:45.084153,26.350886582194832,55.06152343572066,839.1766756611759,40000.0,46.87397731562669
2025-03-16 14:59:45.084153,30.657526751918333,64.9256342480629,524.5742451884812,50000.0,37.51896011067369
2025-03-15 14:59:45.084154,29.676793288828197,52.60042149343574,612.5314492048606,50000.0,54.54840238582307
2025-03-14 14:59:45.084155,26.39962246433937,44.52416707167464,922.9843918860875,40000.0,60.42833770813168
2025-03-13 14:59:45.084156,23.966960649251018,45.83537604735065,530.8402025793713,30000.0,56.68570334537525
2025-03-12 14:59:45.084157,23.7173240023434,40.148485605168524,1162.5245282786998,20000.0,39.44572553922692
2025-03-11 14:59:45.084157,23.203756167621936,77.61141162448267,672.158403354105,10000.0,44.45882433931922
2025-03-10 14:59:45.084159,22.42097717219453,47.32806220342698,797.2806347282184,0.0,66.51721663589382
2025-03-09 14:59:45.084159,19.811544978822,71.12705692767256,728.5729448102977,0.0,44.89829027261038
2025-03-08 14:59:45.084160,18.870056016017486,65.32458512262504,862.3665040289025,0.0,55.56641058554913
2025-03-07 14:59:45.084161,19.870191157364104,59.76909935610028,931.2898377478534,0.0,38.21065960585291
2025-03-06 14:59:45.084162,19.491892156822168,72.74142359058061,814.2047180786527,0.0,30.63220012971722
2025-03-05 14:59:45.084163,16.55012467070307,68.4444539289623,1092.13155590658,0.0,51.44940600571101
2025-03-04 14:59:45.084163,16.21014463000392,40.384561126100294,768.5398149958647,0.0,35.23366433811129
2025-03-03 14:59:45.084164,19.22905705925713,57.23718050903559,856.9340726634508,0.0,55.20035571865316
2025-03-02 14:59:45.084165,21.412898905087665,44.60785654371401,626.3217041683067,0.0,30.446321249816837
2025-03-01 14:59:45.084166,19.383358035294627,57.998472720237075,1066.355383000786,0.0,56.04870845441023
2025-02-28 14:59:45.084167,22.34893101963989,79.55502715593357,938.3847867399343,0.0,41.33001939420468
2025-02-27 14:59:45.084168,20.48573129412385,76.2897907004787,902.247791659613,0.0,50.9569057436124
2025-02-26 14:59:45.084169,22.541660413723218,78.69689614506112,847.7270329855736,0.0,56.573745192703655
2025-03-27 14:59:45.084096,20.90691171463782,67.72160229059259,973.9685780472098,0.0,45.40402287725734
2025-03-26 14:59:45.084130,24.887096162689417,52.36127291290377,1158.9361378630783,10000.0,62.01174917208299
2025-03-25 14:59:45.084139,25.478769533813235,67.08273569786249,815.9510260658406,20000.0,35.72271379867843
2025-03-24 14:59:45.084141,24.82808607054384,60.35518531796402,762.1864350508259,30000.0,36.89290520850419
2025-03-23 14:59:45.084143,26.252605054037254,63.6330385487249,780.9738758735458,40000.0,55.586314811584735
2025-03-22 14:59:45.084146,28.71070320635194,65.94624159375445,905.5320952580296,50000.0,68.8574759472665
2025-03-21 14:59:45.084148,27.791621962318576,69.02399659878692,1018.173758910444,50000.0,48.632902833603
2025-03-20 14:59:45.084149,26.48499616718104,74.9669510348707,950.1175001892028,40000.0,57.40480576018323
2025-03-19 14:59:45.084150,25.98645186459289,65.45290087899284,926.8037489786032,30000.0,38.34774204714893
2025-03-18 14:59:45.084152,21.60673528051067,50.53678789379087,834.435171308064,20000.0,45.384184692681345
2025-03-17 14:59:45.084153,23.14734916571358,66.03282078390927,814.4292471112237,10000.0,31.873583763122646
2025-03-16 14:59:45.084153,23.396387094484016,79.23932567775198,976.5699731739498,0.0,48.83975183808342
2025-03-15 14:59:45.084154,20.320877670190438,60.174261381747016,906.0139470420648,0.0,36.94312085039413
2025-03-14 14:59:45.084155,21.1439444247289,52.901843191687995,724.1675716288769,0.0,30.506435961951425
2025-03-13 14:59:45.084156,19.42887042301915,58.53730235227941,994.4345604508832,0.0,65.07514687548502
2025-03-12 14:59:45.084157,18.005649456011305,41.155894308894524,921.4744157775388,0.0,68.06600830764272
2025-03-11 14:59:45.084157,16.734430735604164,52.29948012368366,681.8599041826988,0.0,49.974814397840966
2025-03-10 14:59:45.084159,16.556026778164384,50.387705576561,615.4387891801146,0.0,43.371281888405115
2025-03-09 14:59:45.084159,16.465243755608547,68.33331161885195,537.3565320727338,0.0,65.2740141128105
2025-03-08 14:59:45.084160,17.381926644545253,59.3294678200096,896.5998799136744,0.0,68.56017441752977
2025-03-07 14:59:45.084161,17.572197753937147,55.876120399457605,693.6741938989089,0.0,56.50759913225794
2025-03-06 14:59:45.084162,21.43979740398362,72.50179098227169,627.5426012696735,0.0,66.04461704479601
2025-03-05 14:59:45.084163,22.53755042482971,48.23479553461799,464.52118161254253,0.0,40.34628322953489
2025-03-04 14:59:45.084163,23.36841784172738,57.98699737128494,1071.8442881825858,0.0,62.53148255715623
2025-03-03 14:59:45.084164,23.83677733666152,44.11612042840395,705.4627661121763,0.0,39.027338331913846
2025-03-02 14:59:45.084165,25.413265686916425,63.61921161802627,858.9895697162112,10000.0,68.96850540868235
2025-03-01 14:59:45.084166,25.248747591565053,51.36178038113211,810.3106593046491,20000.0,48.878005057594436
2025-02-28 14:59:45.084167,25.40087966728183,40.97251480658108,715.2843430670297,30000.0,44.308683566448416
2025-02-27 14:59:45.084168,28.2134838713769,52.23763203293562,978.1648317195296,40000.0,68.26684540842392
2025-02-26 14:59:45.084169,28.608880535448073,63.94420853142515,890.2149933694468,50000.0,66.83286022647229
2025-03-27 14:59:45.084096,27.788412864265897,70.41442975128506,683.6310281013115,50000.0,54.336821047889416
2025-03-26 14:59:45.084130,27.594842994771632,67.85133751147845,717.3119510614328,40000.0,36.409909793863775
2025-03-25 14:59:45.084139,25.722195585945617,75.96088235203933,934.2814044312105,30000.0,64.19594961850447
2025-03-24 14:59:45.084141,22.721493383991394,61.338493857445656,948.6779502660879,20000.0,69.76823744563256
2025-03-23 14:59:45.084143,23.674479216470274,41.27559188973625,733.5721743500601,10000.0,52.247936000993604
2025-03-22 14:59:45.084146,24.479981763222252,64.05845700910626,954.9158993046319,0.0,52.60183270226446
2025-03-21 14:59:45.084148,21.015413907843023,51.322904795442916,614.8005242131367,0.0,49.975911468047315
2025-03-20 14:59:45.084149,21.466314539661653,60.9382214429877,1122.6310544940034,0.0,40.793027185594255
2025-03-19 14:59:45.084150,18.601527076272205,65.828368770458,831.737606371203,0.0,61.98530151371573
2025-03-18 14:59:45.084152,18.095773117847447,42.877960818199085,762.5503202165439,0.0,58.15842037185647
2025-03-17 14:59:45.084153,18.769329025333683,47.730139745413226,951.54128018352,0.0,51.361051210502815
2025-03-16 14:59:45.084153,16.84682035421604,68.00965003724079,814.2526383103753,0.0,69.48647044951349
2025-03-15 14:59:45.084154,19.072451468139324,64.29225834233637,855.5718269391704,0.0,66.87772152303287
2025-03-14 14:59:45.084155,19.739532060147976,66.09419820665318,652.5600275503098,0.0,53.756737831766365
2025-03-13 14:59:45.084156,20.623582209779368,70.96552831421337,798.574021253476,0.0,37.20363225152863
2025-03-12 14:59:45.084157,23.024609965600295,45.8976137454145,843.9917156602244,0.0,36.79240418373517
2025-03-11 14:59:45.084157,21.64968206857035,46.14307136735716,705.181406620608,0.0,30.16002995881973
2025-03-10 14:59:45.084159,21.95064026488859,70.24475334758634,687.7860323655618,0.0,41.00480906782406
2025-03-09 14:59:45.084159,24.584038793399543,67.49580507217755,755.1681137760261,0.0,31.498920915796447
2025-03-08 14:59:45.084160,23.156512014363997,62.794482073465716,984.5890623391065,10000.0,60.6347877813899
2025-03-07 14:59:45.084161,25.46570368644658,75.88966085781927,973.588563289454,20000.0,54.72372133920098
2025-03-06 14:59:45.084162,24.99570916588052,58.475246670953325,749.5276962151157,30000.0,32.80861534356979
2025-03-05 14:59:45.084163,27.177633112449147,69.31654391823724,832.3010754935309,40000.0,52.84971261563315
2025-03-04 14:59:45.084163,26.728469052720254,58.695633005640005,728.8367761968757,50000.0,45.648882508770456
2025-03-03 14:59:45.084164,26.725686852402482,69.80564885519833,659.0427069858872,50000.0,37.46150359833932
2025-03-02 14:59:45.084165,26.130027741966405,67.04835257131059,969.6083923728493,40000.0,47.2007003063072
2025-03-01 14:59:45.084166,26.418942669716504,73.14328054242868,962.4649534694937,30000.0,57.554801993360485
2025-02-28 14:59:45.084167,24.074384672843077,70.34910160806265,564.716624030993,20000.0,46.56970213944071
2025-02-27 14:59:45.084168,23.037205838428743,67.38939526120194,758.3384262025605,10000.0,34.98665618568134
2025-02-26 14:59:45.084169,22.776859815210635,66.08275901248815,853.2002510244695,0.0,55.35822004061899
2025-03-27 14:59:45.084096,22.07798752946411,79.82401467432527,739.2473411462195,0.0,36.9100115100478
2025-03-26 14:59:45.084130,19.259879692735804,45.47184925068398,950.4273938403386,0.0,51.01161538509406
2025-03-25 14:59:45.084139,20.45171014310289,69.55502137033562,713.1499962993041,0.0,34.3378690143458
2025-03-24 14:59:45.084141,16.30822854985521,75.70942425599799,858.1424367403558,0.0,55.25850405178506
2025-03-23 14:59:45.084143,17.89959007872113,66.00929202102567,950.4667568293894,0.0,35.50966258184569
2025-03-22 14:59:45.084146,16.56235283211603,50.72414192671344,859.0324964510628,0.0,40.389204218153026
2025-03-21 14:59:45.084148,18.782748064944723,63.7976367498541,751.2676932870854,0.0,43.19795974373854
2025-03-20 14:59:45.084149,19.839537914529682,45.24755456494497,717.7766292630449,0.0,49.33320629885824
2025-03-19 14:59:45.084150,20.2873522138839,65.77357198849963,917.8719688934708,0.0,37.897220790610774
2025-03-18 14:59:45.084152,21.02392778611706,56.20982571851712,984.0965023848406,0.0,66.35548605134682
2025-03-17 14:59:45.084153,22.237989463309027,73.2999675177812,886.9547332599175,0.0,41.59853341885402
2025-03-16 14:59:45.084153,22.700041433116446,77.59097774709447,722.5343384460957,0.0,42.279344143881616
2025-03-15 14:59:45.084154,23.868716896279714,46.065148547931116,953.298070546817,0.0,64.83671663117822
2025-03-14 14:59:45.084155,24.607803186317955,63.83712464346071,907.372396733182,10000.0,38.74950543311792
2025-03-13 14:59:45.084156,25.446526659240117,51.918919313173824,621.0868266655182,20000.0,64.98124464935486
2025-03-12 14:59:45.084157,26.41903201952789,78.14866420996262,832.0550526213633,30000.0,37.4164965105376
2025-03-11 14:59:45.084157,27.38009881786285,69.05554962159204,597.2381412998184,40000.0,57.85879688359187
2025-03-10 14:59:45.084159,26.54576190380058,74.63030009815179,751.981765554055,50000.0,30.94246327563345
2025-03-09 14:59:45.084159,27.97226084070799,44.269028051990176,687.3277231118246,50000.0,69.54500289665617
2025-03-08 14:59:45.084160,28.36742352197551,75.8850121571727,938.2193489748863,40000.0,42.94394722523329
2025-03-07 14:59:45.084161,25.559129880878576,69.64841882338706,536.7334275975353,30000.0,58.905241677760735
2025-03-06 14:59:45.084162,23.70508262985238,73.59362454649413,983.1469073531264,20000.0,69.69295630886194
2025-03-05 14:59:45.084163,22.067265812736405,45.52610433930261,793.8660387552507,10000.0,57.325917821291654
2025-03-04 14:59:45.084163,22.604952243687702,56.33511416316273,1017.5102183285974,0.0,55.16747147429014
2025-03-03 14:59:45.084164,20.881750488958726,51.37032734551586,929.1052407879635,0.0,67.48005740752967
2025-03-02 14:59:45.084165,19.731448496926504,47.49103046927091,673.7775408308044,0.0,66.31289994054441
2025-03-01 14:59:45.084166,19.90867998867663,52.91819639843536,803.3561503952178,0.0,34.52474280244508
2025-02-28 14:59:45.084167,18.283713745923713,65.88788289596829,603.5347895239343,0.0,32.70793258242604
2025-02-27 14:59:45.084168,17.97590359368716,65.18610296476488,748.5896899405366,0.0,42.086565765416
2025-02-26 14:59:45.084169,15.565421737171464,49.86661628946622,945.7401328598999,0.0,64.99639958355837
2025-03-27 14:59:45.084096,16.475316497434125,65.59722290855687,621.3284624767768,0.0,64.9269925225721
2025-03-26 14:59:45.084130,16.721303580040466,64.30812657238315,971.6357415157004,0.0,60.18681254011096
2025-03-25 14:59:45.084139,20.92568869343295,66.41051271770927,780.5696283923123,0.0,50.07278498395534
2025-03-24 14:59:45.084141,21.737590503401822,68.9842940623659,656.8467118173411,0.0,33.56315213720046
2025-03-23 14:59:45.084143,20.75280619234808,77.36498182636137,773.3552856142129,0.0,36.51636725173523
2025-03-22 14:59:45.084146,21.235128269062344,52.879626401740055,632.591320700379,0.0,52.13051578305294
2025-03-21 14:59:45.084148,22.300897506403267,45.29659372064891,801.4253119126698,0.0,47.75729053733161
2025-03-20 14:59:45.084149,23.406654593211723,63.75575858534666,752.0454248198656,10000.0,65.73591073070939
2025-03-19 14:59:45.084150,23.81234709589533,77.29720771532247,688.5925357755993,20000.0,62.23818900001027
2025-03-18 14:59:45.084152,26.47346392215392,48.647996033378575,606.5373948450174,30000.0,39.56796310386366
2025-03-17 14:59:45.084153,25.2872695991478,71.86682775062614,662.1085298552598,40000.0,30.564942846638935
2025-03-16 14:59:45.084153,27.58246140618088,45.6991827143004,602.7359843145161,50000.0,42.71000013331267
2025-03-15 14:59:45.084154,26.58056385963752,60.6773418295346,493.20100700667604,50000.0,62.60457140984435
2025-03-14 14:59:45.084155,26.884144896810646,59.44056620290312,689.7471064529118,40000.0,54.58861487579651
2025-03-13 14:59:45.084156,26.045613244526656,42.529705727718785,790.7609904491634,30000.0,59.71792130021662
2025-03-12 14:59:45.084157,23.510750932364576,51.49520567484427,1219.7913405604208,20000.0,64.94583108556344
2025-03-11 14:59:45.084157,23.497513029354828,50.89351680832064,832.6645849659806,10000.0,61.41675516237488
2025-03-10 14:59:45.084159,22.09646337956257,53.52378168135941,800.5640922234206,0.0,32.47178901342016
2025-03-09 14:59:45.084159,21.03538206765311,45.02642471392117,799.862866353705,0.0,39.298693144675966
2025-03-08 14:59:45.084160,20.027921271652822,48.166501213332864,553.7834700174315,0.0,69.8058981399675
2025-03-07 14:59:45.084161,18.78057565120063,79.32908277267,803.8197344617473,0.0,52.64284160932389
2025-03-06 14:59:45.084162,18.807214892905893,43.16588906651638,800.2991034470076,0.0,34.15127972674921
2025-03-05 14:59:45.084163,16.5761860095677,51.7060713216243,809.4735498325165,0.0,35.00920332097988
2025-03-04 14:59:45.084163,16.40731032600669,62.92146276506794,667.9783113213261,0.0,54.407006601102296
2025-03-03 14:59:45.084164,17.835503942120308,40.627092755288785,739.2491611065401,0.0,32.67660017898666
2025-03-02 14:59:45.084165,18.010208674160072,58.97144646363613,1038.1968879903768,0.0,32.15089100191215
2025-03-01 14:59:45.084166,19.769855294194635,67.92677690684422,786.5502375514075,0.0,58.96240126670708
2025-02-28 14:59:45.084167,19.341379828160953,71.012213998096,867.1439954988501,0.0,42.13836996946822
2025-02-27 14:59:45.084168,22.285506256336344,45.843320332185655,642.547032378684,0.0,37.85798191042329
2025-02-26 14:59:45.084169,21.414997350391793,67.85269769535309,793.9463235249876,0.0,49.54083479980177
2025-03-27 14:59:45.084096,23.130323824401856,46.4512131726053,789.177354153271,0.0,41.135765627862106
2025-03-26 14:59:45.084130,23.434503855577837,71.82082301759283,545.0808590666818,10000.0,68.24227928353298
2025-03-25 14:59:45.084139,24.726296994404297,43.44935826613702,829.3097932233632,20000.0,48.03666047443312
2025-03-24 14:59:45.084141,27.439334391182545,73.04769312845349,691.1754729401433,30000.0,68.3342232555088
2025-03-23 14:59:45.084143,25.998235278555935,67.17628737646743,502.5712382351239,40000.0,56.123825253306634
2025-03-22 14:59:45.084146,27.90145250909458,40.23299395859455,584.0226466235767,50000.0,33.857614629128136
2025-03-21 14:59:45.084148,27.575538195637307,64.5123174246684,881.0759049444221,50000.0,53.94162735972931
2025-03-20 14:59:45.084149,25.529022280825572,60.04584023983323,751.8844655908615,40000.0,65.1799518148579
2025-03-19 14:59:45.084150,25.861878734731043,41.14969332431136,516.1925933712805,30000.0,48.521918822837435
2025-03-18 14:59:45.084152,23.95271748641183,53.27692067838859,716.1446474355143,20000.0,36.34427859063054
2025-03-17 14:59:45.084153,22.352570092618027,49.896264762856894,701.4159903108452,10000.0,41.015417190149996
2025-03-16 14:59:45.084153,23.46309615432943,69.3813537966634,791.745613098845,0.0,55.22709721840214
2025-03-15 14:59:45.084154,22.508355436365868,45.91946974410879,873.6405155870287,0.0,61.3758579167888
2025-03-14 14:59:45.084155,22.98623973895412,57.886672420168495,910.4185609279986,0.0,45.60371515882499
2025-03-13 14:59:45.084156,20.195993101779912,77.03231484838668,546.2704453872849,0.0,32.372757369574536
2025-03-12 14:59:45.084157,17.044453216488478,61.49142659882111,1001.3149217504391,0.0,61.45994508492444
2025-03-11 14:59:45.084157,16.791071728029063,70.53944767054483,714.260266695089,0.0,62.77337559767239
2025-03-10 14:59:45.084159,16.668335282389382,40.06232875321858,665.6082912076251,0.0,55.367134847311306
2025-03-09 14:59:45.084159,18.260929078693657,51.435638706125175,575.9195216403104,0.0,46.50617264637743
2025-03-08 14:59:45.084160,18.459263402188608,41.99220963201189,716.0353337019809,0.0,37.145129875694884
2025-03-07 14:59:45.084161,18.068256056917832,70.01163761692602,1110.176942878674,0.0,64.95648747411896
2025-03-06 14:59:45.084162,20.062017797559676,66.71758792151462,1087.153819250193,0.0,66.81979757458117
2025-03-05 14:59:45.084163,21.8300146567203,43.880697778958925,582.9743889611137,0.0,57.32949574219444
2025-03-04 14:59:45.084163,22.05816898450574,60.655127227638545,727.7505241903298,0.0,38.32287144186693
2025-03-03 14:59:45.084164,24.638758081418835,76.60386680939226,460.7327943579306,0.0,56.25891890389382
2025-03-02 14:59:45.084165,23.85519936342827,58.04878803793948,921.2361358741841,10000.0,60.505719468150176
2025-03-01 14:59:45.084166,23.466535551173898,49.375165507206134,561.838055217617,20000.0,45.8128936860369
2025-02-28 14:59:45.084167,25.041751868499272,44.910717971136876,698.2506771249638,30000.0,47.27260658782862
2025-02-27 14:59:45.084168,26.235074696832672,64.44765523104141,851.1761549718116,40000.0,30.852357420864152
2025-02-26 14:59:45.084169,28.35351678561417,60.97454114316314,737.9045030521152,50000.0,56.506106384328376
2025-03-27 14:59:45.084096,29.28804981632751,66.85882394650264,986.485039535234,50000.0,65.54572452904405
2025-03-26 14:59:45.084130,26.710055245686966,41.89163171989504,904.1657509630236,40000.0,64.94671151797766
2025-03-25 14:59:45.084139,26.65960202214558,76.93222617658364,622.5962453549595,30000.0,44.5879618565129
2025-03-24 14:59:45.084141,25.08173167205328,64.85627693785395,876.4401863867478,20000.0,66.18873642838949
2025-03-23 14:59:45.084143,24.364117948748515,58.79080359783837,668.5024940507212,10000.0,33.86247960607947
2025-03-22 14:59:45.084146,23.027215717362942,68.99663326290441,754.976973690996,0.0,51.87078017132605
2025-03-21 14:59:45.084148,21.292065335043276,79.6246764610876,856.2193393468734,0.0,49.7862068480419
2025-03-20 14:59:45.084149,19.873766595956383,58.6338984610616,699.4136347161369,0.0,43.68244324844598
2025-03-19 14:59:45.084150,20.6250635686266,63.696569540593444,850.0596610825928,0.0,63.23977041320772
2025-03-18 14:59:45.084152,18.56233716925302,73.72861660233701,698.4875018538461,0.0,39.53897610868014
2025-03-17 14:59:45.084153,17.17587995354302,49.724416567895204,1034.961232556623,0.0,61.60572189494504
2025-03-16 14:59:45.084153,14.221582011919418,63.60299382370634,799.6761592655791,0.0,61.51882757251251
2025-03-15 14:59:45.084154,16.999469885956636,60.19823123085642,730.4128137757085,0.0,53.87491711675047
2025-03-14 14:59:45.084155,18.145357284892267,42.37759951288776,607.5906828111347,0.0,35.509788566749606
2025-03-13 14:59:45.084156,20.159559451148397,51.3859038652798,655.482136924968,0.0,48.601850728139844
2025-03-12 14:59:45.084157,18.53901053956799,61.326241963592295,821.155319253934,0.0,36.866206294367956
2025-03-11 14:59:45.084157,20.730256934513967,68.13721868404652,941.4175418982161,0.0,67.86195305791023
2025-03-10 14:59:45.084159,23.046927701366325,65.89376099369991,734.8358461015088,0.0,50.70385238462734
2025-03-09 14:59:45.084159,22.434797630823756,73.10407802233895,766.1985481143829,0.0,45.61629447879637
2025-03-08 14:59:45.084160,24.06302656906824,45.984304764663285,877.6144475118706,10000.0,40.19707322612172
2025-03-07 14:59:45.084161,27.064197859528917,66.91026896678136,739.336038138112,20000.0,30.78217619043068
2025-03-06 14:59:45.084162,26.030089748028626,64.52959963209537,978.5284569596863,30000.0,33.93651438160947
2025-03-05 14:59:45.084163,26.676802673533306,62.6980903517754,541.1158843581486,40000.0,34.81200113229016
2025-03-04 14:59:45.084163,27.856686227108536,62.766928984222936,908.9698043200431,50000.0,43.26728204961147
2025-03-03 14:59:45.084164,27.956249228988312,59.05193221227965,742.3429070441384,50000.0,50.18840595217836
2025-03-02 14:59:45.084165,29.101278416427178,59.39604895928259,725.7627009583041,40000.0,30.199321483993835
2025-03-01 14:59:45.084166,26.259911410742458,72.49836281843676,724.6569035732954,30000.0,60.22481189145597
2025-02-28 14:59:45.084167,24.50423986039757,59.52011287174343,977.1529449931594,20000.0,51.67063977146512
2025-02-27 14:59:45.084168,23.417292710858607,56.68371392781694,756.9283612659553,10000.0,57.31378797684647
2025-02-26 14:59:45.084169,22.478670563705652,72.5142904817214,858.1898132621861,0.0,47.275600351315276
2025-03-27 14:59:45.084096,21.275872930384214,48.58377370715475,660.7628432658773,0.0,50.86270707682627
2025-03-26 14:59:45.084130,20.88657207039772,65.8404767026284,798.6339184656745,0.0,39.650502785882885
2025-03-25 14:59:45.084139,18.87109957823885,40.082606803634576,780.633626263974,0.0,36.72736547355114
2025-03-24 14:59:45.084141,18.77241478859941,69.66125590792419,651.1811214929286,0.0,30.776535574843816
2025-03-23 14:59:45.084143,16.918704264988676,76.08790271926365,803.6029757756314,0.0,30.309640689482144
2025-03-22 14:59:45.084146,16.040373442144357,62.071318667450015,613.7105182525248,0.0,34.51921207195141
2025-03-21 14:59:45.084148,19.551362452636468,47.73639253959178,779.2899096620156,0.0,60.52309433356269
2025-03-20 14:59:45.084149,20.66961933399722,46.5991338046669,522.6471966675153,0.0,36.57630302836681
2025-03-19 14:59:45.084150,19.952260942861198,74.0682613031835,853.1807595944256,0.0,40.10887729643981
2025-03-18 14:59:45.084152,18.888658578515905,40.09483524533679,831.6602569154605,0.0,32.95973490842706
2025-03-17 14:59:45.084153,21.979469805861967,75.97753749910437,800.9528887957073,0.0,63.279780812078116
2025-03-16 14:59:45.084153,22.55351063672182,73.20017289333624,663.9112054599598,0.0,66.14434056588561
2025-03-15 14:59:45.084154,22.867339404721477,66.71170247854339,1082.3905257150477,0.0,59.58782646235212
2025-03-14 14:59:45.084155,24.78742969127874,47.423802056607954,861.0634072609326,10000.0,33.867208147543664
2025-03-13 14:59:45.084156,23.70883280002841,58.39177210063829,747.9286130936346,20000.0,47.65006760419046
2025-03-12 14:59:45.084157,26.385415205129085,65.0144178359493,803.419504617512,30000.0,52.55515249012435
2025-03-11 14:59:45.084157,28.083060201684503,51.86267205401668,795.4380932792526,40000.0,62.25700348433516
2025-03-10 14:59:45.084159,27.303910511456223,76.22456538483792,984.2901993883927,50000.0,60.705960185557245
2025-03-09 14:59:45.084159,27.29708179524663,54.14922283249136,1196.2342496765973,50000.0,31.155086144544203
2025-03-08 14:59:45.084160,26.213803912553526,65.77739102579062,679.4610486759443,40000.0,63.315784719725166
2025-03-07 14:59:45.084161,25.2248916058617,67.86932110979845,747.5688832999081,30000.0,67.41354126740578
2025-03-06 14:59:45.084162,26.046194800115458,49.9966228240062,906.2250030241536,20000.0,44.14658973817427
2025-03-05 14:59:45.084163,23.706419158910567,52.12584963149044,694.2999508739586,10000.0,51.00164423576504
2025-03-04 14:59:45.084163,22.93513568389601,40.75133279691275,823.8311965915846,0.0,61.618828659662896
2025-03-03 14:59:45.084164,21.500239402130916,50.05362896426412,731.23737528351,0.0,36.584907135743904
2025-03-02 14:59:45.084165,20.237588149335686,75.66218300042472,936.0973512633527,0.0,49.83413242399877
2025-03-01 14:59:45.084166,20.72612357730763,77.87778511550212,946.208313946712,0.0,39.38613975714743
2025-02-28 14:59:45.084167,18.85595770263754,52.890794542077245,1116.0056074328465,0.0,45.89138812170518
2025-02-27 14:59:45.084168,16.901790235100105,77.0326068520055,558.6863634226926,0.0,64.00762104525023
2025-02-26 14:59:45.084169,17.36041049718306,72.10656573575379,777.4646826551569,0.0,53.204140126211215
2025-03-27 14:59:45.084096,18.632224509750344,74.86813170489665,844.4113644525585,0.0,49.73200890273899
2025-03-26 14:59:45.084130,19.669629200579386,47.56282400406313,626.2273360967819,0.0,46.58375341852541
2025-03-25 14:59:45.084139,19.893544938563693,70.19524817115133,941.3993229665838,0.0,58.12579752451822
2025-03-24 14:59:45.084141,21.313531016077235,79.7921258311265,788.0603542624148,0.0,49.80411756833001
2025-03-23 14:59:45.084143,20.975458716969158,61.16162635318769,1180.165676906371,0.0,63.908517749398264
2025-03-22 14:59:45.084146,22.224770604125037,55.90212870328743,769.4545935679274,0.0,41.731939893552095
2025-03-21 14:59:45.084148,23.32753828613821,77.31413646377476,536.2810145833546,0.0,47.60411392471197
2025-03-20 14:59:45.084149,23.514715379839586,66.3321290239207,816.067970228709,10000.0,37.68957246432719
2025-03-19 14:59:45.084150,27.519398924793915,45.73081846795222,864.5279780572591,20000.0,59.53082774508218
2025-03-18 14:59:45.084152,26.598955060700323,54.17495550829421,526.2750320888806,30000.0,31.82488016853015
2025-03-17 14:59:45.084153,25.87749428755882,71.79841767523286,884.5823177862816,40000.0,60.49969803211684
2025-03-16 14:59:45.084153,28.69954812400112,67.59174691546517,638.9865840253976,50000.0,43.230835346766156
2025-03-15 14:59:45.084154,29.172192422673923,72.1573126261734,718.44873321748,50000.0,58.186973679884616
2025-03-14 14:59:45.084155,25.622836394155772,62.901725412416084,753.5370014955023,40000.0,64.21257218135105
2025-03-13 14:59:45.084156,24.87746457714925,48.0806107501985,1159.917655257322,30000.0,68.2208813281431
2025-03-12 14:59:45.084157,25.83032369817401,44.292091431092395,774.958900365113,20000.0,68.52755766862168
2025-03-11 14:59:45.084157,24.472275653453558,64.55923116250959,691.1722955211458,10000.0,44.660074678948746
2025-03-10 14:59:45.084159,21.766870882410306,68.39233808109758,816.5552167015707,0.0,54.37792889967335
2025-03-09 14:59:45.084159,21.759618710254735,62.02589609683077,1003.8843504820738,0.0,58.175480896191154
2025-03-08 14:59:45.084160,21.899177232889294,48.8314050487552,984.8842001599971,0.0,57.511350742585776
2025-03-07 14:59:45.084161,20.37847557176468,63.50553023122701,845.9738188741918,0.0,31.20868655989409
2025-03-06 14:59:45.084162,18.07901291613915,64.03416923196524,803.5649811633816,0.0,62.65331263727272
2025-03-05 14:59:45.084163,16.7125939329452,56.9963885960656,697.1186789809346,0.0,37.52607286043399
2025-03-04 14:59:45.084163,17.482541344097967,48.81233709943732,683.0076693550466,0.0,34.24318197799184
2025-03-03 14:59:45.084164,17.151703580168263,75.42687292640535,824.2908859120535,0.0,47.876322106194955
2025-03-02 14:59:45.084165,18.944011197232637,72.76712583283222,677.8372318207067,0.0,41.836768369508945
2025-03-01 14:59:45.084166,20.521256420989964,75.1638319663814,847.6342624780415,0.0,52.50748581877009
2025-02-28 14:59:45.084167,21.408795565572493,54.70688763652144,1119.8571753830558,0.0,69.56581221707344
2025-02-27 14:59:45.084168,21.238173310117034,42.88111259225349,929.6434804958626,0.0,67.83182137792079
2025-02-26 14:59:45.084169,23.766724086493195,57.55705245585037,770.2488412097181,0.0,58.07176999225173
2025-03-27 14:59:45.084096,21.67292036885638,48.37979334342314,840.5462905241798,0.0,34.941837277225396
2025-03-26 14:59:45.084130,26.480864495617876,70.1866960631299,912.0384426000965,10000.0,36.975158772025786
2025-03-25 14:59:45.084139,26.008554816710983,60.329915586206134,924.3509420921137,20000.0,68.400158985945
2025-03-24 14:59:45.084141,24.941838495776185,66.14621059234182,658.8230419843668,30000.0,34.1382119253652
2025-03-23 14:59:45.084143,27.43407840807296,48.064712397000605,904.855954385031,40000.0,50.21889593305612
2025-03-22 14:59:45.084146,28.311802873671873,78.98441663056688,976.1258948152471,50000.0,49.66787627199749
2025-03-21 14:59:45.084148,26.96939067317575,68.03235448967348,806.4312600523651,50000.0,61.58993263356695
2025-03-20 14:59:45.084149,27.111279122624914,43.27014215176463,712.9601597651895,40000.0,57.36380662696732
2025-03-19 14:59:45.084150,25.388838999088946,42.46290273634569,847.6662415937997,30000.0,51.96649727683088
2025-03-18 14:59:45.084152,24.849574036994557,43.03114025914017,930.8891293704754,20000.0,43.08793104750315
2025-03-17 14:59:45.084153,22.99733922628166,76.02153944388192,852.978585655049,10000.0,63.085335804222936
2025-03-16 14:59:45.084153,23.750549030111195,61.175271399945615,995.7466208525153,0.0,62.06081471575509
2025-03-15 14:59:45.084154,21.420855116259826,61.18773851773979,729.3569512866893,0.0,40.830016952779786
2025-03-14 14:59:45.084155,21.567595362799608,73.60903030819321,754.2244838784707,0.0,65.21703009625523
2025-03-13 14:59:45.084156,20.168438620199897,47.47066064637201,980.9545724853449,0.0,64.58572716249033
2025-03-12 14:59:45.084157,16.001105608419074,50.68446621046438,906.4531730266699,0.0,36.52323653166227
2025-03-11 14:59:45.084157,13.793244195008675,44.03525133859123,1034.4271653622855,0.0,38.25004082880341
2025-03-10 14:59:45.084159,16.15772740930974,62.414033055149126,998.2473672357448,0.0,48.83408610973177
2025-03-09 14:59:45.084159,18.208745217798658,62.1250214860935,748.7197042497273,0.0,32.94196917246849
2025-03-08 14:59:45.084160,18.653991846501903,66.25710868961619,841.9245993366185,0.0,43.83091123118473
2025-03-07 14:59:45.084161,20.223538535533,44.17596498666169,999.3512802218463,0.0,65.55499310569724
2025-03-06 14:59:45.084162,21.06052893028554,67.99373600157018,791.5586041726547,0.0,66.59492869317401
2025-03-05 14:59:45.084163,21.571988080345474,60.326936385902336,891.838559690108,0.0,39.445650781665414
2025-03-04 14:59:45.084163,21.566440714166863,72.68793020901217,786.1090810133533,0.0,54.672828453791944
2025-03-03 14:59:45.084164,24.596363061265073,73.31912589448673,793.1082552152375,0.0,64.47811354030247
2025-03-02 14:59:45.084165,23.277327871248296,72.53380563501372,942.9903802746219,10000.0,59.31307005539118
2025-03-01 14:59:45.084166,25.32613771354477,75.10154339225257,726.9627872458916,20000.0,48.56119556128745
2025-02-28 14:59:45.084167,25.5233019164553,66.04771973889441,788.4343903456373,30000.0,35.99283379110087
2025-02-27 14:59:45.084168,26.452158138332088,78.16978602038228,1123.5069764752525,40000.0,38.13177381857028
2025-02-26 14:59:45.084169,27.975330680278667,46.43824745095059,855.6315110893468,50000.0,46.94100116320581
2025-03-27 14:59:45.084096,28.915961676941574,52.16351903341881,560.9919974910339,50000.0,56.94163533177166
2025-03-26 14:59:45.084130,26.327988396790612,55.32255640313162,1154.6253195804616,40000.0,45.74581735218836
2025-03-25 14:59:45.084139,24.252468893066677,44.352673472543536,1092.9203937782509,30000.0,36.81642858935318
2025-03-24 14:59:45.084141,25.769081694498436,74.91724407993826,827.1146635854511,20000.0,37.22617088799244
2025-03-23 14:59:45.084143,23.997312323224225,48.21444714901414,636.541900863647,10000.0,51.214326337798944
2025-03-22 14:59:45.084146,21.751169828006898,63.07600045330797,964.1263459378907,0.0,51.99055616475087
2025-03-21 14:59:45.084148,23.408278219633758,72.49435354886964,959.5253927383116,0.0,32.491534175897414
2025-03-20 14:59:45.084149,19.97356753642205,78.56522033698582,608.7686090725246,0.0,54.972707898402
2025-03-19 14:59:45.084150,17.699542564368414,59.034866624165076,849.9269617752259,0.0,64.23185859417781
2025-03-18 14:59:45.084152,18.090216289877432,44.88889658954017,712.9127738389363,0.0,56.5680108520213
2025-03-17 14:59:45.084153,17.044140720750878,43.10788713921237,766.8186028980092,0.0,59.843871379483964
2025-03-16 14:59:45.084153,16.533298166501396,43.689695156831604,910.1296523355007,0.0,48.022463281024415
2025-03-15 14:59:45.084154,17.985999736688544,52.593593352103305,686.8328133096891,0.0,52.57575902602339
2025-03-14 14:59:45.084155,17.31045409585488,46.256189688029735,974.9037748364001,0.0,47.9140736486785
2025-03-13 14:59:45.084156,18.23885863194638,71.5067802574155,672.8109933492424,0.0,57.19784056571896
2025-03-12 14:59:45.084157,21.319595398538937,48.69884491290398,992.8123319634043,0.0,51.15526760476043
2025-03-11 14:59:45.084157,22.366709952867073,40.092104165965324,942.8228925047442,0.0,65.48333677981614
2025-03-10 14:59:45.084159,23.657603727199312,74.15581630201122,758.0668126089506,0.0,69.39735382128745
2025-03-09 14:59:45.084159,24.141442589707875,60.1611156188329,903.1348223020989,0.0,30.38734418377754
2025-03-08 14:59:45.084160,24.190250729261766,42.206773846393915,888.9547254099084,10000.0,46.840580867211344
2025-03-07 14:59:45.084161,24.243790793092863,65.69565028619179,925.5605310094751,20000.0,34.56521967994666
2025-03-06 14:59:45.084162,26.554386722136865,65.20679853098966,811.3792959542977,30000.0,46.35626864562551
2025-03-05 14:59:45.084163,26.910064600884752,41.109433191362996,825.9066488556763,40000.0,36.86567700705354
2025-03-04 14:59:45.084163,28.724521119938448,78.93375520444212,805.1536410512682,50000.0,37.762592788009165
2025-03-03 14:59:45.084164,28.21086792287009,79.08609632004647,698.0986313318181,50000.0,42.21551468332007
2025-03-02 14:59:45.084165,26.763083816363178,76.42542992410421,752.8948679224402,40000.0,65.83064511468669
2025-03-01 14:59:45.084166,26.77142855754512,62.91966957467173,967.5533984819037,30000.0,30.404461623079875
2025-02-28 14:59:45.084167,25.590179183953946,75.75194106182397,877.1826260426661,20000.0,67.2752166756422
2025-02-27 14:59:45.084168,22.950492026319665,54.085255959472164,652.0992715080059,10000.0,52.67765578016472
2025-02-26 14:59:45.084169,22.30561474473994,70.18822136682545,636.8052946834694,0.0,46.77035038671683
2025-03-27 14:59:45.084096,21.518256373436195,51.966147998781885,814.6712414905261,0.0,30.41221355940745
2025-03-26 14:59:45.084130,20.190675352949963,66.1625575880933,655.8878323824911,0.0,40.24693218396412
2025-03-25 14:59:45.084139,20.001868154586948,53.79377823983994,706.7403516055368,0.0,32.88404551331124
2025-03-24 14:59:45.084141,16.43647547479144,72.57676207550674,744.7202487670551,0.0,56.1479296314251
2025-03-23 14:59:45.084143,17.260994986107974,72.01791166485668,753.0723978903736,0.0,46.65846624000061
2025-03-22 14:59:45.084146,17.371254127584976,41.664831244016774,1024.950646617996,0.0,36.706569936563966
2025-03-21 14:59:45.084148,17.55294208500983,73.2323825290129,987.5037557720765,0.0,66.45061175592488
2025-03-20 14:59:45.084149,19.57663743487883,67.578702284206,656.087152645191,0.0,41.87732440633809
2025-03-19 14:59:45.084150,22.142321219304147,66.26314981961814,754.1045775677634,0.0,36.42033395343298
2025-03-18 14:59:45.084152,19.44727239392234,57.77845227103268,666.8244878150269,0.0,42.551657571444444
2025-03-17 14:59:45.084153,22.858706570656313,41.505401685961246,469.1925372687564,0.0,49.70439218026752
2025-03-16 14:59:45.084153,21.584790145070603,79.52784806676178,813.2299043164348,0.0,52.63221582389692
2025-03-15 14:59:45.084154,22.901137473058515,65.3944675686758,936.7096615082405,0.0,31.273733623583336
2025-03-14 14:59:45.084155,23.930097873063684,43.3685268666855,925.1399531590811,10000.0,56.84019785919091
2025-03-13 14:59:45.084156,25.36532717334361,65.3449952214392,970.1069142130677,20000.0,60.00251739305693
2025-03-12 14:59:45.084157,25.386511823174633,50.0511134173467,791.5087674694438,30000.0,36.85215275979607
2025-03-11 14:59:45.084157,25.818419959998174,76.31811438758865,794.1267645500874,40000.0,69.66431220554284
2025-03-10 14:59:45.084159,28.053155395188735,61.02052003606599,774.0417058923356,50000.0,69.87752253165411
2025-03-09 14:59:45.084159,26.21402218832266,56.610928085348256,665.3924345911507,50000.0,40.75605695085727
2025-03-08 14:59:45.084160,26.582591424125997,77.89204801945363,820.024185468675,40000.0,61.216893985932344
2025-03-07 14:59:45.084161,23.936247097850554,53.7295966505662,844.2701464437846,30000.0,37.22721505279398
2025-03-06 14:59:45.084162,25.356496375958336,74.564610049585,574.6803057005397,20000.0,55.816666296129
2025-03-05 14:59:45.084163,22.811603939654237,58.39776048958483,793.0554135158114,10000.0,59.522879653285464
2025-03-04 14:59:45.084163,21.1640704741284,54.80268650999822,587.3503008716204,0.0,43.39650336843104
2025-03-03 14:59:45.084164,22.674152301380012,53.86407792606607,782.9369306067545,0.0,64.85849390185109
2025-03-02 14:59:45.084165,20.134688876592804,67.36473234132738,605.1512305634533,0.0,55.09080304800206
2025-03-01 14:59:45.084166,20.54379129184626,75.78046310179316,702.8289030443341,0.0,44.0806442959089
2025-02-28 14:59:45.084167,19.89186767265586,57.18403077177162,739.0522906836673,0.0,30.226847244747205
2025-02-27 14:59:45.084168,16.940002766446515,66.92212633980095,1107.030177214176,0.0,48.59513177501391
2025-02-26 14:59:45.084169,14.998924629106897,67.50396674110772,674.762154099124,0.0,58.44527163614775
2025-03-27 14:59:45.084096,17.602614616210175,40.30905660792068,537.7569267245415,0.0,48.79218006749831
2025-03-26 14:59:45.084130,17.661745591907447,54.93024316654211,805.1657623546088,0.0,64.19609563078953
2025-03-25 14:59:45.084139,21.53335784676928,52.73944548779558,843.2341876473479,0.0,32.47338742006645
2025-03-24 14:59:45.084141,19.865495466948467,59.74044803627563,719.4249446954258,0.0,62.13801426045683
2025-03-23 14:59:45.084143,20.8376795804928,66.13222607289609,810.1900655363654,0.0,45.295179083716484
2025-03-22 14:59:45.084146,23.272333055970087,46.02840299189841,904.9747127077118,0.0,50.96739230221707
2025-03-21 14:59:45.084148,24.71227940922259,52.22939001048836,795.1996467619448,0.0,37.7922111997138
2025-03-20 14:59:45.084149,22.098505403826515,55.101452060821565,847.4663131934017,10000.0,62.023902476132015
2025-03-19 14:59:45.084150,26.643467315048984,77.7510446182705,666.0657921604882,20000.0,50.271084028773764
2025-03-18 14:59:45.084152,26.22520164849098,60.2371143710873,666.8930341101762,30000.0,51.45342125464417
2025-03-17 14:59:45.084153,27.879533013826666,50.239865233598465,1058.532685486279,40000.0,65.87060755568524
2025-03-16 14:59:45.084153,28.623065301466145,75.1903858868508,672.0838181522387,50000.0,32.88284680421454
2025-03-15 14:59:45.084154,26.967617893054495,72.59211182873503,1110.7553382330814,50000.0,66.83115189794488
2025-03-14 14:59:45.084155,27.184203788370606,65.80262008944622,751.4452126457855,40000.0,35.98657564714316
2025-03-13 14:59:45.084156,25.698902378281275,52.36405739612252,849.5129505792987,30000.0,42.077827146232494
2025-03-12 14:59:45.084157,25.617549600913403,61.01620568656115,562.8456981828998,20000.0,56.78146214429155
2025-03-11 14:59:45.084157,21.723468776179548,63.90180810569128,730.6093376809804,10000.0,66.34976261225341
2025-03-10 14:59:45.084159,21.881569350521037,61.052495694029645,747.8034173808168,0.0,53.964408845593304
2025-03-09 14:59:45.084159,21.648478857452506,40.06622002508119,700.3781664801779,0.0,41.94794607106707
2025-03-08 14:59:45.084160,20.07013624582812,49.96934038896972,764.373900646734,0.0,59.936029858190466
2025-03-07 14:59:45.084161,18.953534811558363,52.98243916245032,864.2935948157277,0.0,35.521770067766965
2025-03-06 14:59:45.084162,18.628790023339363,43.494506442210195,783.0030089886333,0.0,62.88386386841219
2025-03-05 14:59:45.084163,17.83094113219436,65.08466907540904,702.4065761595006,0.0,32.19211121441698
2025-03-04 14:59:45.084163,14.543512686535337,41.57604185459517,643.3930247022234,0.0,55.430762413209024
2025-03-03 14:59:45.084164,18.419078856598368,54.67684430926724,715.4562710219896,0.0,42.05611194103946
2025-03-02 14:59:45.084165,17.61222921452098,41.38794750200094,740.4316116899664,0.0,37.60433927788961
2025-03-01 14:59:45.084166,20.330124464960715,48.862814865355425,773.3589163576461,0.0,55.56778924736754
2025-02-28 14:59:45.084167,20.29568548657956,62.18219228480476,586.6881013241036,0.0,35.23847346826116
2025-02-27 14:59:45.084168,20.00734539150677,43.69920090674253,1091.4895027581972,0.0,57.08451933756428
2025-02-26 14:59:45.084169,23.064329548685365,73.21599553553287,849.8931115031281,0.0,36.9496623583392
2025-03-27 14:59:45.084096,23.862127312856547,48.28430413287258,764.8226824909169,0.0,30.559388240477414
2025-03-26 14:59:45.084130,22.098952772910913,45.45313745978379,805.6839637161065,10000.0,67.50919330620417
2025-03-25 14:59:45.084139,25.047632888183482,79.09519089692569,602.5859584616544,20000.0,63.622062611605756
2025-03-24 14:59:45.084141,24.91472490586969,63.527241445975804,623.1415404901948,30000.0,65.56757714444441
2025-03-23 14:59:45.084143,29.35095189780987,61.88356251413789,875.3242071410643,40000.0,45.36387698662183
2025-03-22 14:59:45.084146,29.12270509988805,49.57753951160708,723.5351082829809,50000.0,31.850298258216235
2025-03-21 14:59:45.084148,28.37725033342482,53.98961312028388,684.4169591749691,50000.0,58.26697028980155
2025-03-20 14:59:45.084149,26.10580581328323,65.27892481064578,638.6058759624877,40000.0,32.7628700524938
2025-03-19 14:59:45.084150,24.417883125909803,51.31151054638031,635.780700123818,30000.0,53.35888594010877
2025-03-18 14:59:45.084152,25.907446234971754,40.707335875713646,934.915029352831,20000.0,46.26557282494944
2025-03-17 14:59:45.084153,21.94860585180308,49.44796072873642,1113.7675122916942,10000.0,64.13160896409187
2025-03-16 14:59:45.084153,21.34568458107933,70.23700091101192,660.3114877293438,0.0,60.036068163702936
2025-03-15 14:59:45.084154,20.050989656045758,74.20607473976203,808.3854916325811,0.0,49.27000897127854
2025-03-14 14:59:45.084155,20.499137251389627,40.42613575037652,694.4467204839669,0.0,68.02266721793325
2025-03-13 14:59:45.084156,19.278415374438204,73.14677745937578,644.3835775229551,0.0,38.40546035735794
2025-03-12 14:59:45.084157,17.47793800982546,44.26686093075892,862.386593956203,0.0,63.04273274561084
2025-03-11 14:59:45.084157,16.80703335993683,72.29676303559683,747.4984592119996,0.0,46.16323969044577
2025-03-10 14:59:45.084159,15.943448731987532,40.499605822919634,839.2375474628712,0.0,40.109151144370415
2025-03-09 14:59:45.084159,20.53438179206366,43.15763579379646,735.0682878274041,0.0,49.507968005006816
2025-03-08 14:59:45.084160,18.691999372833447,49.03816756500801,797.1047080137611,0.0,64.55152954624288
2025-03-07 14:59:45.084161,19.37693804105561,51.71770190167664,897.6137694804611,0.0,44.052097510047915
2025-03-06 14:59:45.084162,21.268594843652473,79.3882765188515,503.1945687756857,0.0,61.90017149936086
2025-03-05 14:59:45.084163,21.740624918753458,60.04287861153552,1080.3784859628554,0.0,36.401748762325695
2025-03-04 14:59:45.084163,22.475666533665617,49.85841192124009,950.9072546348389,0.0,66.18084886462447
2025-03-03 14:59:45.084164,22.88915785695855,68.48609424836482,821.119287963543,0.0,52.806470560590434
2025-03-02 14:59:45.084165,23.299670887769523,44.63182746355199,523.2238760450009,10000.0,61.65357817629355
2025-03-01 14:59:45.084166,24.089950874501355,43.57900626002937,970.1019412351155,20000.0,63.115482746690944
2025-02-28 14:59:45.084167,25.257588953315118,48.814502616856835,731.7741077649985,30000.0,44.12004193601992
2025-02-27 14:59:45.084168,26.935514513531125,41.22216920783914,736.8822433140408,40000.0,32.75058046651019
2025-02-26 14:59:45.084169,26.950461711104953,54.45662799025518,580.0961117439977,50000.0,30.84804203515418
2025-03-27 14:59:45.084096,27.448366173636167,44.832583522454506,759.606687721391,50000.0,43.076927281685784
2025-03-26 14:59:45.084130,27.48303868306861,63.00306994845765,925.5783254240215,40000.0,35.29213142919162
2025-03-25 14:59:45.084139,24.693077881513485,79.9532906346077,665.2241151206852,30000.0,69.87705346329261
2025-03-24 14:59:45.084141,26.156707921352833,75.64638977260438,1034.3835297407068,20000.0,34.84176941747187
2025-03-23 14:59:45.084143,21.75943963573852,71.3256145537884,781.5402619607736,10000.0,46.24608534007089
2025-03-22 14:59:45.084146,23.762237317667754,57.54602497768653,876.6625972649122,0.0,52.59953788526049
2025-03-21 14:59:45.084148,20.439573654636266,77.95255221420409,871.2867322489137,0.0,68.80977082334033
2025-03-20 14:59:45.084149,21.425599361446878,51.98250434190895,952.4559646785484,0.0,47.30490585618457
2025-03-19 14:59:45.084150,20.433665514265975,46.099365552110505,944.7773022180475,0.0,66.25643678261898
2025-03-18 14:59:45.084152,19.22456866189777,79.87998654509262,637.567083434726,0.0,54.51970291968047
2025-03-17 14:59:45.084153,18.716363322354148,79.91811491085178,897.2731946652633,0.0,61.424757481265814
2025-03-16 14:59:45.084153,15.595471346352017,57.9111402071851,755.8828378984896,0.0,38.37420633790852
2025-03-15 14:59:45.084154,19.20446514681176,76.07194836949526,871.4247811152044,0.0,44.97794715624131
2025-03-14 14:59:45.084155,18.793933062971796,60.90907680351815,814.1663425642392,0.0,48.07377246242578
2025-03-13 14:59:45.084156,20.144458791831823,48.33538240788243,740.1722463645491,0.0,43.69003501526319
2025-03-12 14:59:45.084157,22.147871879646242,50.40559932690995,797.8658161192482,0.0,65.49451417883837
2025-03-11 14:59:45.084157,21.672494937272237,48.158430209051396,589.0135392406704,0.0,69.53728176025102
2025-03-10 14:59:45.084159,25.247016522798027,46.04653555801961,797.0061658369568,0.0,46.606789062573455
2025-03-09 14:59:45.084159,23.530609212583343,56.86630245949031,1121.3088148161196,0.0,51.352022992488045
2025-03-08 14:59:45.084160,24.54641163095253,79.40134437211859,1083.4420151162062,10000.0,54.18287236794487
2025-03-07 14:59:45.084161,25.358848011806618,72.72737719291811,1047.2623015034621,20000.0,59.73498082939876
2025-03-06 14:59:45.084162,26.901618128603367,68.29208089895064,1096.5764407099562,30000.0,40.607548890088694
2025-03-05 14:59:45.084163,27.655634265197545,78.24880170167596,683.2279285071736,40000.0,48.698600585790935
2025-03-04 14:59:45.084163,28.628309453997687,54.87794663895457,865.8425233404325,50000.0,48.498991570886034
2025-03-03 14:59:45.084164,27.472050434106162,56.2066204182688,705.0356737795564,50000.0,64.08355755893425
2025-03-02 14:59:45.084165,27.57243919099428,59.021916446984214,519.1540102363313,40000.0,56.02965464412249
2025-03-01 14:59:45.084166,25.895369202881437,71.58016894788992,564.8088153489048,30000.0,49.47007530760628
2025-02-28 14:59:45.084167,26.059662645443765,53.12870297408944,619.6431481189923,20000.0,61.722974334978076
2025-02-27 14:59:45.084168,24.43950725780213,71.3283959459574,570.5738495969106,10000.0,42.35431082984249
2025-02-26 14:59:45.084169,22.272162147544176,48.90331283521836,958.0711132743847,0.0,60.35619717377775
2025-03-27 14:59:45.084096,19.85384830715293,52.77785916071733,613.6185663660358,0.0,45.90263992199754
2025-03-26 14:59:45.084130,21.035102032204392,58.836315560830315,824.9161673403562,0.0,49.301676524228384
2025-03-25 14:59:45.084139,18.426771231038344,52.617888804038145,721.4077871697638,0.0,56.57785484365856
2025-03-24 14:59:45.084141,18.65936463010431,51.38434920426821,494.22291293779335,0.0,40.04970642509259
2025-03-23 14:59:45.084143,16.202737562636628,60.621328384881615,1055.0123984543163,0.0,45.176665266591016
2025-03-22 14:59:45.084146,16.077237164750088,66.05290215944927,879.0405243335748,0.0,32.720270442838405
2025-03-21 14:59:45.084148,19.794313809522468,77.52183994282876,821.9997942844204,0.0,49.38520909862797
2025-03-20 14:59:45.084149,18.052048787768996,43.237731070326056,760.134571057709,0.0,32.75307501978411
2025-03-19 14:59:45.084150,21.61854110378441,45.15503040819449,917.1460446265764,0.0,65.7950230529583
2025-03-18 14:59:45.084152,21.63378093856924,61.56810076873691,811.4253336960436,0.0,64.76501586346131
2025-03-17 14:59:45.084153,21.283761917570306,42.88531295536441,794.4278432898919,0.0,68.85828341799888
2025-03-16 14:59:45.084153,21.97132368406377,53.77389752824678,579.6646072335674,0.0,56.21716791542677
2025-03-15 14:59:45.084154,23.451500905425416,48.32892816022546,868.7493582368473,0.0,62.09518290144993
2025-03-14 14:59:45.084155,22.969140351567383,75.64683125041597,797.0593475219837,10000.0,38.09254266546782
2025-03-13 14:59:45.084156,25.210131610736862,42.53038009311077,645.0314748368842,20000.0,33.887815746789414
2025-03-12 14:59:45.084157,26.353755739484697,71.50029204248787,995.3993415704894,30000.0,63.11955198012276
2025-03-11 14:59:45.084157,26.749774817262338,41.93612026985788,876.5247260069661,40000.0,32.79196908123674
2025-03-10 14:59:45.084159,26.18788859903184,77.00145145469962,840.4904707764628,50000.0,60.9354090725081
2025-03-09 14:59:45.084159,27.43388444073764,52.997341549704,492.25409118392156,50000.0,37.95959489437875
2025-03-08 14:59:45.084160,27.438668952826777,45.20681819567366,647.335297029989,40000.0,33.48501808215857
2025-03-07 14:59:45.084161,26.019018996349057,66.1425983376043,723.8419334291855,30000.0,46.69743363363922
2025-03-06 14:59:45.084162,25.050350306003416,65.20532896231836,635.9614588173018,20000.0,69.9828824861646
2025-03-05 14:59:45.084163,23.10499506086902,72.94573872840323,516.6907352449743,10000.0,37.78454158976841
2025-03-04 14:59:45.084163,23.189258718447874,59.53523463942253,774.0324070182664,0.0,64.85831144945288
2025-03-03 14:59:45.084164,21.556040606752692,78.79230114773492,691.2447914010977,0.0,54.15269549656633
2025-03-02 14:59:45.084165,20.837455913118692,45.05359026958906,722.631827653874,0.0,47.5533449209306
2025-03-01 14:59:45.084166,18.924270478128722,75.41027987144983,514.3097622132873,0.0,66.96033223438269
2025-02-28 14:59:45.084167,18.970755244528995,53.07868795023679,1002.96627481621,0.0,31.114692141198027
2025-02-27 14:59:45.084168,17.506394370127822,50.99224980310358,517.9114445396988,0.0,69.18938005656649
2025-02-26 14:59:45.084169,15.74296418130045,53.04030738799371,782.9301189132194,0.0,57.225657128534024
2025-03-27 14:59:45.084096,18.536942408936813,79.10673506710219,1244.620812257265,0.0,50.60157019758134
2025-03-26 14:59:45.084130,20.257865304934448,79.3583051145483,640.5393695591221,0.0,57.84927528613602
2025-03-25 14:59:45.084139,19.338231787917096,70.11822902615384,783.5627471748627,0.0,67.47815851221611
2025-03-24 14:59:45.084141,22.428033655510337,66.92476689946403,939.2430901175684,0.0,51.05532691631567
2025-03-23 14:59:45.084143,21.916756982061237,73.42855115877123,683.3119971488285,0.0,31.20778704365618
2025-03-22 14:59:45.084146,22.327404135805732,51.527706023657544,730.5627138100127,0.0,56.305508782322875
2025-03-21 14:59:45.084148,24.37178117199514,44.11808625459204,1149.2518333399664,0.0,53.62951633899175
2025-03-20 14:59:45.084149,25.46992447606266,46.47658737044957,736.4874935606994,10000.0,31.45993886589715
2025-03-19 14:59:45.084150,26.432649928946912,44.48937918957431,681.7703097300067,20000.0,50.08041120774731
2025-03-18 14:59:45.084152,24.861847041278804,55.59648481508624,829.9725514488272,30000.0,40.65795130303063
2025-03-17 14:59:45.084153,28.470436654464585,55.61604278090094,902.0512406843632,40000.0,56.07530916611515
2025-03-16 14:59:45.084153,27.40129302575576,78.4793736360072,711.9242075711335,50000.0,34.138801420894794
2025-03-15 14:59:45.084154,29.415350699997557,74.40673465224629,563.5775327725992,50000.0,51.71090862194234
2025-03-14 14:59:45.084155,27.062802943882723,73.48909348075301,748.2999977611175,40000.0,52.62939639555535
2025-03-13 14:59:45.084156,25.24895001425468,63.15611204088441,1009.1876865786428,30000.0,36.169107975349704
2025-03-12 14:59:45.084157,25.055376464434794,65.48911931492864,971.4853897583433,20000.0,55.424131238333736
2025-03-11 14:59:45.084157,24.757926688779108,41.97741396004117,1037.3201234964092,10000.0,34.03467323112428
2025-03-10 14:59:45.084159,20.855771042591776,75.92795670099738,739.9897880089266,0.0,44.99410505532539
2025-03-09 14:59:45.084159,21.402645601893816,44.09777548030497,957.8719362315724,0.0,37.96281811575322
2025-03-08 14:59:45.084160,20.650383020009087,52.67101379427499,901.3544445081632,0.0,48.55833272730226
2025-03-07 14:59:45.084161,20.171318521007063,54.68372904442275,761.3551074418085,0.0,42.56439096004784
2025-03-06 14:59:45.084162,18.05611972239756,60.070449371050074,1224.6564173969512,0.0,63.59746671992878
2025-03-05 14:59:45.084163,16.429916987347884,58.51070732691247,632.7713985565529,0.0,63.56894154391571
2025-03-04 14:59:45.084163,16.667277840463495,62.199030605077105,735.6186440473988,0.0,45.514022153907696
2025-03-03 14:59:45.084164,19.151104295789676,60.57561100710805,803.7100123312403,0.0,60.31287535496901
2025-03-02 14:59:45.084165,19.973194155332706,45.74566929742628,1074.7642166144697,0.0,39.96904603047337
2025-03-01 14:59:45.084166,20.55878801452847,49.29818925810443,713.3478969181152,0.0,45.8662068950903
2025-02-28 14:59:45.084167,22.276043562506807,68.93035034848111,774.516563665952,0.0,60.27459370451902
2025-02-27 14:59:45.084168,20.892733594885428,69.53998433303113,1106.545360047926,0.0,38.81745876001801
2025-02-26 14:59:45.084169,21.498865331800662,54.07882613364704,850.6817310529932,0.0,67.62135992076432
2025-03-27 14:59:45.084096,24.49214836111632,43.458517107349536,909.8401381577992,0.0,63.522568008653
2025-03-26 14:59:45.084130,22.43158757945289,47.95974552417311,775.2301906445407,10000.0,53.25643486206709
2025-03-25 14:59:45.084139,24.572969761993246,44.00111738825984,710.4431510718446,20000.0,47.90507728645092
2025-03-24 14:59:45.084141,26.904455134759754,47.35771075205163,859.2083417073684,30000.0,31.02222298059138
2025-03-23 14:59:45.084143,26.843996335368924,48.87081037393628,974.6779231405338,40000.0,39.66866879058906
2025-03-22 14:59:45.084146,28.286088425840337,67.8782084640087,880.8036598315655,50000.0,53.91080339699791
2025-03-21 14:59:45.084148,28.233494452080297,51.2223127674695,826.0157620907326,50000.0,55.06570883798921
2025-03-20 14:59:45.084149,27.05606456517628,50.571827764191866,634.3430641855687,40000.0,32.71480267934946
2025-03-19 14:59:45.084150,25.37316282509734,62.21387210236333,664.5093300283359,30000.0,64.8420938460421
2025-03-18 14:59:45.084152,23.354798071919145,42.51814906180368,821.6787631677004,20000.0,39.77850560632994
2025-03-17 14:59:45.084153,21.67340447000434,61.89612732133568,828.3825388671773,10000.0,56.07705896016734
2025-03-16 14:59:45.084153,24.068321678304468,43.85204801672772,977.4001898641174,0.0,39.250877882171
2025-03-15 14:59:45.084154,20.065609996413386,46.81441628806772,757.7580835965557,0.0,46.06090452503935
2025-03-14 14:59:45.084155,20.794823490123367,79.87814765893611,973.1676967287701,0.0,64.10840030426468
2025-03-13 14:59:45.084156,18.141401571518344,56.400909455211064,688.5890150111385,0.0,67.45321311725854
2025-03-12 14:59:45.084157,17.796721322198803,43.68946408223775,921.21502438193,0.0,58.21621565721699
2025-03-11 14:59:45.084157,17.45889212054661,77.05719829246719,972.3884522528328,0.0,62.948245087582414
2025-03-10 14:59:45.084159,14.425158869309202,63.45137783424846,723.0029499546356,0.0,62.89418094481241
2025-03-09 14:59:45.084159,16.40352813752376,65.29819249030662,1015.2660826779422,0.0,47.44538868843781
2025-03-08 14:59:45.084160,18.5721093794633,63.061182264443325,937.2667710407837,0.0,45.05675893534049
2025-03-07 14:59:45.084161,19.64667991695116,41.21516473573596,1135.1623198042532,0.0,53.078367045863565
2025-03-06 14:59:45.084162,19.04473544688546,63.26443679316621,616.015533481082,0.0,49.171075823826705
2025-03-05 14:59:45.084163,22.445397141971686,53.38919906916573,843.0536668409753,0.0,64.66247108802757
2025-03-04 14:59:45.084163,22.545430764968607,74.14703200793849,764.758813824051,0.0,33.315921144187215
2025-03-03 14:59:45.084164,23.370158668085644,71.94376408509004,891.5064570625492,0.0,43.71790933314739
2025-03-02 14:59:45.084165,23.56557905880147,43.970935091431954,691.1063948556423,10000.0,43.12764595967296
2025-03-01 14:59:45.084166,25.73326131471867,52.58151573392443,858.3633491102862,20000.0,57.56659632972535
2025-02-28 14:59:45.084167,26.118761230072447,61.46351527634853,884.8932863281171,30000.0,44.889169405476366
2025-02-27 14:59:45.084168,28.0896462963566,41.34936450479267,654.0197749004773,40000.0,56.25142699899446
2025-02-26 14:59:45.084169,27.08983674971351,72.45925211703474,993.5522801197451,50000.0,54.667389308321674
2025-03-27 14:59:45.084096,27.344408582595285,76.29323281283733,877.3311014775329,50000.0,57.888901317286305
2025-03-26 14:59:45.084130,26.68369216497061,67.85661357918954,953.2489807370491,40000.0,53.464422606266744
2025-03-25 14:59:45.084139,25.932980322358187,59.73806087639469,914.3754293841354,30000.0,42.62101104642333
2025-03-24 14:59:45.084141,24.865797177347353,63.40948904685567,738.4043214483645,20000.0,53.70096254458723
2025-03-23 14:59:45.084143,24.874790638350635,58.693292173116205,675.8028755968791,10000.0,60.21393125950079
2025-03-22 14:59:45.084146,22.819399709754517,74.38529225058194,725.9871900303584,0.0,37.95636618698406
2025-03-21 14:59:45.084148,22.494775077692196,41.09538922010317,928.6244926233035,0.0,58.10610238133235
2025-03-20 14:59:45.084149,21.51383957466866,50.14238381010243,870.9100353710031,0.0,55.78626638988928
2025-03-19 14:59:45.084150,21.23558869643872,41.82742914351425,719.619847060035,0.0,66.68418018435146
2025-03-18 14:59:45.084152,18.106974220410304,60.43600610423262,825.4150638637453,0.0,30.143022560618373
2025-03-17 14:59:45.084153,15.914603527608834,57.59174150110006,916.0725040240966,0.0,69.43861774995801
2025-03-16 14:59:45.084153,15.897536897009578,75.13937774171603,768.91023762986,0.0,52.26444534612188
2025-03-15 14:59:45.084154,17.099710356904318,66.20778356065946,945.8860042426269,0.0,53.15377127771791
2025-03-14 14:59:45.084155,20.063048419190235,48.104987824745336,976.0505825934221,0.0,52.57304975437375
2025-03-13 14:59:45.084156,19.482166937938185,73.1495282731469,806.4891059410637,0.0,47.21047712097688
2025-03-12 14:59:45.084157,19.58942188069009,52.96032493998278,911.2143330041007,0.0,50.57249345966595
2025-03-11 14:59:45.084157,21.127655587917545,72.92705816512125,882.714113371773,0.0,44.66491563505183
2025-03-10 14:59:45.084159,21.825547236484844,62.921149067361824,853.1783620653885,0.0,52.098408474020104
2025-03-09 14:59:45.084159,24.43924001426021,71.94142193576505,886.4793144372982,0.0,46.62872418170325
2025-03-08 14:59:45.084160,23.685983712228666,68.46040271351417,647.4993189228449,10000.0,36.532492461301175
2025-03-07 14:59:45.084161,24.530482623345584,52.89258422230628,743.1194168282622,20000.0,66.79799972487645
2025-03-06 14:59:45.084162,24.00489155827065,72.79206659039322,566.5299831928585,30000.0,53.159168766196316
2025-03-05 14:59:45.084163,26.647027183216384,54.45469389488788,894.8537285337342,40000.0,45.33079474804078
2025-03-04 14:59:45.084163,27.888207988219094,65.03031694622231,1000.7772630922864,50000.0,40.40112638163364
2025-03-03 14:59:45.084164,27.44903923708018,61.097460052802695,822.487977830681,50000.0,35.658229184749864
2025-03-02 14:59:45.084165,27.673660123167476,52.47392474858212,861.7817394721394,40000.0,57.69260683843031
2025-03-01 14:59:45.084166,27.040953909383916,77.92627679059288,815.9662173610683,30000.0,57.19904106978912
2025-02-28 14:59:45.084167,24.28894289255834,48.19040626702039,799.263948470323,20000.0,66.33304057581745
2025-02-27 14:59:45.084168,22.376511159686544,70.95930467252396,708.2153070395365,10000.0,47.6665918299521
2025-02-26 14:59:45.084169,22.36047851627883,41.289598952945035,762.1323908012852,0.0,62.61359041745394
2025-03-27 14:59:45.084096,20.061071493785526,68.95931954645448,751.5405889235584,0.0,46.30090955106388
2025-03-26 14:59:45.084130,20.611065766456413,59.94823205926108,599.0086936642149,0.0,69.59320032276268
2025-03-25 14:59:45.084139,18.885153560398305,54.51095274019079,745.1718673617723,0.0,45.72063174145639
2025-03-24 14:59:45.084141,18.59453177208626,79.33099558970133,738.2661738300984,0.0,62.63630901805535
2025-03-23 14:59:45.084143,17.598652878929855,58.61626509850274,938.617635286011,0.0,51.66761339303004
2025-03-22 14:59:45.084146,14.83295533724304,70.0825354223932,605.0595906921664,0.0,54.38996906157668
2025-03-21 14:59:45.084148,17.261767958604995,67.61587065781862,910.792145413341,0.0,61.9502815663713
2025-03-20 14:59:45.084149,19.64878629268673,45.28510473805554,743.5373698132437,0.0,58.89597667831687
2025-03-19 14:59:45.084150,21.60321445515197,61.12811893533569,699.0672498781871,0.0,67.87388758277372
2025-03-18 14:59:45.084152,21.627893923039178,62.97349449440763,664.9261113458853,0.0,64.696861362785
2025-03-17 14:59:45.084153,22.056275374451452,51.89346308502543,1096.815671156758,0.0,47.87842837782931
2025-03-16 14:59:45.084153,24.131153347807484,74.85564649246486,930.665203753385,0.0,37.321139702757826
2025-03-15 14:59:45.084154,22.816713472434877,40.50134811196663,979.5234113695456,0.0,68.08140869190031
2025-03-14 14:59:45.084155,25.021522591749836,73.56329629766486,737.6224748559109,10000.0,39.449787419922
2025-03-13 14:59:45.084156,26.9239439160412,43.089756370765365,1055.1702363453282,20000.0,53.28321919872769
2025-03-12 14:59:45.084157,26.361980370240126,47.6027481040984,646.0114033213473,30000.0,66.27887453853532
2025-03-11 14:59:45.084157,27.428535172970296,61.428089160577215,975.5815081645814,40000.0,40.21412541402279
2025-03-10 14:59:45.084159,28.868222036974498,59.205631569484886,825.7294481780943,50000.0,36.073845333155276
2025-03-09 14:59:45.084159,27.674231516259667,79.66906649074743,1001.6379030231642,50000.0,37.1450676915922
2025-03-08 14:59:45.084160,28.236332084478448,46.33862635605061,585.8919769688545,40000.0,48.27962397163775
2025-03-07 14:59:45.084161,24.674115910850887,73.56851061038383,678.057970329373,30000.0,38.64762833477918
2025-03-06 14:59:45.084162,24.250130038498348,63.22165990498978,759.6605677036212,20000.0,47.92670733244495
2025-03-05 14:59:45.084163,20.688927051646797,59.184791907998616,1079.4987523985187,10000.0,63.56088765340778
2025-03-04 14:59:45.084163,22.03275060149563,69.98762485092195,903.1790091458429,0.0,42.23598958207341
2025-03-03 14:59:45.084164,21.415030928057103,71.82276091958981,663.8647999365097,0.0,48.20357517767306
2025-03-02 14:59:45.084165,20.265658841555016,52.5019760859831,717.5923547621296,0.0,32.71934257173477
2025-03-01 14:59:45.084166,18.742638379465184,61.6612764911806,921.5253859546444,0.0,62.73066494682391
2025-02-28 14:59:45.084167,18.46650577330189,41.983681334010654,867.252763840529,0.0,42.625610895185865
2025-02-27 14:59:45.084168,17.212228232277592,68.96789684910733,765.8174645473512,0.0,56.71404124379951
2025-02-26 14:59:45.084169,17.32248766959466,58.84246792304244,612.0912173840018,0.0,56.46009384334238
2025-03-27 14:59:45.084096,16.717930235089955,72.0725816353449,892.4280010389327,0.0,69.18020455642156
2025-03-26 14:59:45.084130,18.152146343671223,54.523149073155075,746.4619983043806,0.0,30.495871058756986
2025-03-25 14:59:45.084139,19.009645408556185,43.183434593937584,843.2671010351858,0.0,36.69030839603323
2025-03-24 14:59:45.084141,21.09630415180039,63.59207941070569,702.595761722313,0.0,35.26518523242985
2025-03-23 14:59:45.084143,22.934010432050346,77.19634419802387,1011.3671630774379,0.0,58.17359441880516
2025-03-22 14:59:45.084146,23.138108473600656,77.20174674757938,861.8393123638314,0.0,38.233938975891235
2025-03-21 14:59:45.084148,22.9967400553905,64.84673866724867,745.472752898966,0.0,33.67008751312652
2025-03-20 14:59:45.084149,25.284353191716427,74.53041045896396,911.721611257828,10000.0,41.39866314412237
2025-03-19 14:59:45.084150,22.709368904292518,78.25954466856832,603.0461305745615,20000.0,53.7789178059345
2025-03-18 14:59:45.084152,25.77797387204958,68.12467656969591,763.489971178659,30000.0,40.89054248392223
2025-03-17 14:59:45.084153,28.370657731111937,48.11620896725016,684.6349192089119,40000.0,59.04567987733576
2025-03-16 14:59:45.084153,28.710611408830626,41.40657997865058,678.9563556775402,50000.0,34.36070209776192
2025-03-15 14:59:45.084154,27.34701031082319,55.97505425544895,903.9639944251547,50000.0,36.2661180972266
2025-03-14 14:59:45.084155,27.47586502372459,59.24553296005803,756.7084026371638,40000.0,54.56775551849282
2025-03-13 14:59:45.084156,24.10210564924307,40.66867959287441,840.5064371155382,30000.0,65.78506844879325
2025-03-12 14:59:45.084157,25.42468857507007,40.39562041837942,876.875976809275,20000.0,60.37243683468376
2025-03-11 14:59:45.084157,25.14434339512157,61.95272799274804,673.349105044882,10000.0,52.460761107133244
2025-03-10 14:59:45.084159,24.688592758869245,61.529459349109686,667.686138093668,0.0,44.1456387154651
2025-03-09 14:59:45.084159,20.565417451137474,47.69061942141333,1022.6686310599187,0.0,44.52156056008051
2025-03-08 14:59:45.084160,21.15258522331618,51.782427764819616,716.8114790017522,0.0,42.722466966550385
2025-03-07 14:59:45.084161,20.03026128471823,48.5962080209476,568.5406857005869,0.0,44.38315424277245
2025-03-06 14:59:45.084162,19.551849990337654,69.98224010370724,908.4733179862142,0.0,65.67627042732472
2025-03-05 14:59:45.084163,19.08035297493324,45.7054153584815,866.8985413771312,0.0,37.196210578699045
2025-03-04 14:59:45.084163,15.957949440298375,41.40026187502551,817.7205584193894,0.0,49.79301625787129
2025-03-03 14:59:45.084164,19.221860359950433,54.58800179579192,683.6213636249126,0.0,36.64750211228786
2025-03-02 14:59:45.084165,19.33308428470847,56.83246453281623,880.9119369342068,0.0,68.64256296085853
2025-03-01 14:59:45.084166,20.634825306619874,76.84693039359763,969.8287184926605,0.0,55.2452698357276
2025-02-28 14:59:45.084167,19.256498004763774,53.25255939096152,791.4954686931801,0.0,52.050508778966716
2025-02-27 14:59:45.084168,21.237996913329305,49.06583418531007,773.9830852202845,0.0,67.87953636065708
2025-02-26 14:59:45.084169,23.98409201743263,61.375547946493036,1114.1404506466383,0.0,39.41710207577018
2025-03-27 14:59:45.084096,21.569131151693753,71.93206490352419,838.2035165971425,0.0,31.62037421341458
2025-03-26 14:59:45.084130,24.740616220983185,63.045096790039466,948.7215847332194,10000.0,61.97704314183927
2025-03-25 14:59:45.084139,23.810805772881565,55.44725617875311,1111.1323530936443,20000.0,67.34067403394523
2025-03-24 14:59:45.084141,27.872766645032097,55.955362022072066,665.8934711629774,30000.0,30.184489715764236
2025-03-23 14:59:45.084143,26.524657080449398,79.69359865444736,752.4278461364995,40000.0,37.47195155989149
2025-03-22 14:59:45.084146,28.473396201868674,48.855644496835836,687.5866501440872,50000.0,56.36101421991831
2025-03-21 14:59:45.084148,29.021541957157496,75.15798196434821,764.1737546302832,50000.0,44.06762466577049
2025-03-20 14:59:45.084149,27.849860685435598,62.07630486219597,1039.3287770454442,40000.0,69.50406692169283
2025-03-19 14:59:45.084150,25.788971203769698,77.04413089840392,922.4467970162557,30000.0,57.084217044500726
2025-03-18 14:59:45.084152,25.75887618692733,72.53384659124617,1070.1737343891937,20000.0,64.11487560085688
2025-03-17 14:59:45.084153,21.798892025427232,41.62373910626174,707.1007675702515,10000.0,66.45025276910147
2025-03-16 14:59:45.084153,22.28511532786678,77.54342890192805,1003.6666275692169,0.0,68.49319869152063
2025-03-15 14:59:45.084154,23.40321723926297,44.58428470250957,756.0528419259354,0.0,45.4983596746186
2025-03-14 14:59:45.084155,19.941162958928228,74.12419988759912,614.9606505393534,0.0,65.77126722070783
2025-03-13 14:59:45.084156,19.139253107619798,62.92449854481832,792.4138693998777,0.0,41.01847061088752
2025-03-12 14:59:45.084157,18.02877912288368,64.70677120186302,816.1655363381009,0.0,40.504238257113514
2025-03-11 14:59:45.084157,17.957169555114206,56.39631505404207,848.1281128206298,0.0,33.29943088139113
2025-03-10 14:59:45.084159,14.089813571450776,46.63634554022145,921.1828731030464,0.0,34.413593764447896
2025-03-09 14:59:45.084159,16.693643156471875,47.2311130422291,950.3796111176656,0.0,55.79987887003805
2025-03-08 14:59:45.084160,20.15327188742917,52.32660297088793,821.0661389985662,0.0,46.026909117000464
2025-03-07 14:59:45.084161,19.12942095013728,61.251955344044596,989.946407485376,0.0,37.25592150029588
2025-03-06 14:59:45.084162,20.76759390334466,47.68846929584617,848.7063646284238,0.0,54.41883624594372
2025-03-05 14:59:45.084163,21.850710622937118,61.01344010682254,667.4976203770713,0.0,65.96789669432928
2025-03-04 14:59:45.084163,20.50692517118442,49.1862766463498,787.4529454303517,0.0,34.21735339358614
2025-03-03 14:59:45.084164,22.74667485035809,43.49703761987899,769.971971362639,0.0,38.914033546937134
2025-03-02 14:59:45.084165,24.8904986031205,59.748672073342014,1000.8271403743315,10000.0,50.06229012997656
2025-03-01 14:59:45.084166,24.967517662261166,43.73754345666008,709.6617835293201,20000.0,31.07889758689575
2025-02-28 14:59:45.084167,26.6947761503705,61.21602073623939,964.4167362716651,30000.0,65.24577334376795
2025-02-27 14:59:45.084168,28.338360903899346,59.614460091079934,714.7622629662551,40000.0,37.3032143573709
2025-02-26 14:59:45.084169,28.956342170761488,42.95188870804898,946.8341994423427,50000.0,63.29476528035849
2025-03-27 14:59:45.084096,28.83718912590042,46.12686055232872,896.0716282652569,50000.0,50.65673195223676
2025-03-26 14:59:45.084130,27.308416484776593,72.89645797228684,799.6000078069518,40000.0,54.11900563155534
2025-03-25 14:59:45.084139,24.98454466899372,60.5438072146021,956.7383196543333,30000.0,42.350965920208694
2025-03-24 14:59:45.084141,24.960206014617274,57.99611143812214,841.155071789998,20000.0,45.79983921761096
2025-03-23 14:59:45.084143,23.14641593849405,74.84158615847136,878.8738828471701,10000.0,68.18389573016728
2025-03-22 14:59:45.084146,22.82734397244336,53.20593510896214,938.6156475006703,0.0,56.26090251208228
2025-03-21 14:59:45.084148,22.3874730489155,71.03463057899083,640.3252813009733,0.0,37.11452351992314
2025-03-20 14:59:45.084149,19.695984786249458,46.61881695166201,1051.481953432333,0.0,59.11807979251719
2025-03-19 14:59:45.084150,18.324445484175534,44.22710416396307,1035.954958474295,0.0,42.74624989236686
2025-03-18 14:59:45.084152,17.9368234376887,47.65700900736421,1022.3754914523836,0.0,34.125352053510724
2025-03-17 14:59:45.084153,15.485347699110747,41.62053401790488,873.7474793788018,0.0,32.63876403216439
2025-03-16 14:59:45.084153,16.084522839392537,68.36737266180855,1017.0838377855014,0.0,57.15828189592504
2025-03-15 14:59:45.084154,19.695213202382487,59.38066127542448,739.7836483917571,0.0,54.09592007712671
2025-03-14 14:59:45.084155,17.439096759632733,57.177654076253624,833.795749078641,0.0,31.56694781551284
2025-03-13 14:59:45.084156,21.616990018912343,49.119534150716746,951.4649992041002,0.0,51.80697998703225
2025-03-12 14:59:45.084157,20.74339140634706,72.59980097814409,694.0721690379099,0.0,47.1454204136659
2025-03-11 14:59:45.084157,21.983867942911573,60.484150334249804,655.7206929994093,0.0,52.91183131475586
2025-03-10 14:59:45.084159,21.098386325622254,54.921794846407714,936.0552820821258,0.0,47.05638765838631
2025-03-09 14:59:45.084159,22.431452876299787,45.65527660808274,852.374002716586,0.0,34.69948685223789
2025-03-08 14:59:45.084160,23.95521828476897,77.49316198263682,846.9065661349811,10000.0,66.60738096501102
2025-03-07 14:59:45.084161,25.296340471533913,41.50027477910912,697.969527352763,20000.0,69.33966516281592
2025-03-06 14:59:45.084162,26.354726060953674,66.80082659054824,793.0216499664557,30000.0,56.8039516156617
2025-03-05 14:59:45.084163,25.56675257832111,42.57686209956652,943.5121620521873,40000.0,47.628985338409784
2025-03-04 14:59:45.084163,28.719678587302152,55.9420329575306,830.5625269000682,50000.0,34.50325790621016
2025-03-03 14:59:45.084164,26.990516077149884,60.180899018494586,830.6966716931213,50000.0,45.2998722080993
2025-03-02 14:59:45.084165,28.06999137295679,46.80806089206831,815.5618536077742,40000.0,39.462189325152664
2025-03-01 14:59:45.084166,26.76112661602477,54.788339532685065,680.2217368886677,30000.0,52.19001266668196
2025-02-28 14:59:45.084167,25.663372357853316,75.8000540880191,851.1303369638574,20000.0,34.02148634688167
2025-02-27 14:59:45.084168,23.741597230227672,45.897776026501234,841.6398468625306,10000.0,59.179433397986756
2025-02-26 14:59:45.084169,21.89676944879615,63.11216709289943,810.3086873363623,0.0,32.87473690328861
2025-03-27 14:59:45.084096,21.091242205323237,61.57429279109563,473.577501545857,0.0,46.9058659739263
2025-03-26 14:59:45.084130,21.859019543132177,47.358311011921465,533.1753707648509,0.0,60.11490076319558
2025-03-25 14:59:45.084139,19.663526522953802,47.970404803649835,672.0526721515891,0.0,40.62916968268406
2025-03-24 14:59:45.084141,18.497861546304023,42.02954799356344,800.6495467717322,0.0,47.51278839248414
2025-03-23 14:59:45.084143,17.98541090062546,46.417266577836806,791.2696427520938,0.0,37.9943050383237
2025-03-22 14:59:45.084146,16.036681052181535,62.71756739270336,1024.5489622053929,0.0,63.71454103379253
2025-03-21 14:59:45.084148,17.585573304273908,74.48904986249828,764.3082573936064,0.0,46.855011628101295
2025-03-20 14:59:45.084149,18.411964051443743,70.52092793873577,936.881962682899,0.0,59.35699291670982
2025-03-19 14:59:45.084150,22.308856698868187,60.12535085625498,859.8821205596345,0.0,63.424382316985756
2025-03-18 14:59:45.084152,21.542578666189975,76.74981974287546,1044.1342397272792,0.0,64.98860100925337
2025-03-17 14:59:45.084153,21.87179086467771,47.152734263124884,752.9421124778966,0.0,36.67032856448077
2025-03-16 14:59:45.084153,22.640674773859264,49.64141333512161,751.6519269291172,0.0,63.562393566807344
2025-03-15 14:59:45.084154,24.769555809360508,47.42269424362187,917.1686123280454,0.0,45.503514411236594
2025-03-14 14:59:45.084155,24.1171313652262,64.92191575890156,691.1213577585713,10000.0,48.15486167872457
2025-03-13 14:59:45.084156,24.95954915885513,54.77592912753911,799.2228651914339,20000.0,69.87444917085821
2025-03-12 14:59:45.084157,25.450456143748017,72.16375009127938,1121.4205548239568,30000.0,54.17975245055763
2025-03-11 14:59:45.084157,28.02998201403999,70.17925930406129,759.9194799500469,40000.0,31.274520056599066
2025-03-10 14:59:45.084159,28.65020806113332,47.39804892631837,982.6488667297359,50000.0,53.09123985399434
2025-03-09 14:59:45.084159,28.328829489753502,41.33811779920902,761.5084787666829,50000.0,46.672578879112635
2025-03-08 14:59:45.084160,27.412672772763838,73.86021868294287,712.97429017572,40000.0,44.323842295231
2025-03-07 14:59:45.084161,26.598310678090705,55.3022884688785,1170.9918834676537,30000.0,68.45407513012424
2025-03-06 14:59:45.084162,24.18207736934243,47.80166735151851,882.5113050710252,20000.0,63.373661504205614
2025-03-05 14:59:45.084163,22.52021309712893,77.70248022177397,734.5286763015062,10000.0,53.29547508773096
2025-03-04 14:59:45.084163,23.761958176799276,56.974020059545666,808.7829471577153,0.0,65.49717817665355
2025-03-03 14:59:45.084164,21.586678706409725,56.60790694949553,906.545216461825,0.0,30.807897974848608
2025-03-02 14:59:45.084165,20.476447960619282,41.97470415552178,909.269788084509,0.0,58.59892383942406
2025-03-01 14:59:45.084166,19.005917146569438,55.17643717073625,762.3039536239961,0.0,33.71905972315342
2025-02-28 14:59:45.084167,20.00785763853562,67.21923901431872,538.6873761003857,0.0,57.948663972471124
2025-02-27 14:59:45.084168,16.88835753472992,62.995218943325646,854.5188434305973,0.0,34.42652878856488
2025-02-26 14:59:45.084169,17.07330082446805,46.33927661327035,808.9683650916973,0.0,42.935715442101284
